{"cameraMode":{"drawMode":0,"name":"Shaded","section":"Shading Mode"},"sceneLighting":false,"audioPlay":false,"sceneViewState":{"m_AlwaysRefresh":false,"showFog":true,"showSkybox":false,"showFlares":true,"showImageEffects":true,"showParticleSystems":true,"showVisualEffectGraphs":true,"m_FxEnabled":true},"in2DMode":false,"pivot":{"x":-2.9600000381469728,"y":6.539999961853027,"z":-0.009999990463256836},"rotation":{"x":-0.0007790532545186579,"y":0.9981135725975037,"z":-0.013473262079060078,"w":-0.0539109893143177},"size":0.5931215286254883,"orthographic":true}