{"cameraMode":{"drawMode":0,"name":"Shaded","section":"Shading Mode"},"sceneLighting":false,"audioPlay":false,"sceneViewState":{"m_AlwaysRefresh":false,"showFog":true,"showSkybox":false,"showFlares":true,"showImageEffects":true,"showParticleSystems":true,"showVisualEffectGraphs":true,"m_FxEnabled":true},"in2DMode":false,"pivot":{"x":-1.2000000476837159,"y":8.199999809265137,"z":-0.040000006556510928},"rotation":{"x":0.014468173496425152,"y":0.9851592183113098,"z":-0.11281973123550415,"w":0.1278202384710312},"size":4.223744869232178,"orthographic":true}