{"cameraMode":{"drawMode":0,"name":"Shaded","section":"Shading Mode"},"sceneLighting":true,"audioPlay":false,"sceneViewState":{"m_AlwaysRefresh":false,"showFog":true,"showSkybox":true,"showFlares":true,"showImageEffects":true,"showParticleSystems":true,"showVisualEffectGraphs":true,"m_FxEnabled":true},"in2DMode":false,"pivot":{"x":-3.6637845039367677,"y":0.4483680725097656,"z":-3.291794776916504},"rotation":{"x":-0.002076547360047698,"y":0.9910203218460083,"z":-0.13006792962551118,"w":-0.01630367897450924},"size":18.611360549926759,"orthographic":true}