{"cameraMode":{"drawMode":0,"name":"Shaded","section":"Shading Mode"},"sceneLighting":false,"audioPlay":false,"sceneViewState":{"m_AlwaysRefresh":false,"showFog":true,"showSkybox":false,"showFlares":true,"showImageEffects":true,"showParticleSystems":true,"showVisualEffectGraphs":true,"m_FxEnabled":true},"in2DMode":false,"pivot":{"x":-1.3092764616012574,"y":2.6375436782836916,"z":0.20196539163589478},"rotation":{"x":0.0009433313389308751,"y":0.9981552362442017,"z":-0.05245376005768776,"w":0.019508717581629754},"size":0.6463919878005981,"orthographic":true}