{"cameraMode":{"drawMode":0,"name":"Shaded","section":"Shading Mode"},"sceneLighting":false,"audioPlay":false,"sceneViewState":{"m_AlwaysRefresh":false,"showFog":true,"showSkybox":false,"showFlares":true,"showImageEffects":true,"showParticleSystems":true,"showVisualEffectGraphs":true,"m_FxEnabled":true},"in2DMode":false,"pivot":{"x":3.490000009536743,"y":-8.350000381469727,"z":0.6243419647216797},"rotation":{"x":0.037319306284189227,"y":0.8139323592185974,"z":-0.5767797231674194,"w":0.052569132298231128},"size":1.2919241189956666,"orthographic":true}